Stralcio,Repertorio
Poca fiducia da parte degli adulti ,SANCIRE
Poca cultura relativa al bene comune e all'attivismo civico ,SANCIRE
Dove sono i giovani? Quali sono i loro interessi? Quindi poca conoscenza del mondo giovanile,CAUSA
Forse è un territorio con una alta percentuale di anziani (forse è una criticità),POSSIBILITÀ
Necessità di maggiori spazi di aggregazione,SANCIRE
Aumento delle difficoltà relazionali dei giovani,SANCIRE
"Il principale problema, a mio avviso, è la difficoltà nel mettere in rete le varie iniziative,",OPINIONE
"perfino nell'ambito dello stesso Comune, oltre che in ambito sovracomunale.",SPECIFICAZIONE
"Si ha l'impressione che non manchino le iniziative, ma restino un po' scollegate le une dalle altre e, a volte, rimangano un unicum che non permane nel tempo.",CONFERMA
"Ulteriore aspetto critico è far pervenire alla platea potenzialmente interessata l'invito all'evento, ",DESCRIZIONE
talvolta l'adesione è scarsa rispetto alle aspettative. ,GIUDIZIO
In alcuni quartieri mancano adeguati spazi pubblici per ospitare gli eventi.,DESCRIZIONE
"poche realtà che promuovono il protagonismo partendo dai ragazzi e dalle ragazze, dalle loro idee e dalle loro passioni.",SANCIRE
Mancanza di associazionismo: sporadiche le associazioni cutlurali-aggregative in cui i ragazzi e le ragazze possano sperimentarsi e confrontarsi.,VALUTAZIONE
"La difficoltà di coinvolgere alcune fasce di età, le criticità dovute alla situazione post-pandemica.",SANCIRE
"poche collaborazioni con attività sportive
poche opportunità lavorative",SANCIRE
mancanza di spazi di incontro liberamente fruibili,DESCRIZIONE
COMUNICARE - NOI FACCIAMO FATICA A COMUNICARE NEL LINGUAGGIO DEI GIOVANI.,SANCIRE
"SPAZZI - MANCANO DEI LUOGHI DI AGGREGAZIONE COLLETTIVA DOVE GIOVANE E MENO GIOVANE, DONNA O UOMO POSSANO CONDIVIDERE ESPERIENZE-",DESCRIZIONE
LA MANCANZA DI EDUCAZIONE CIVICA,SANCIRE
La difficoltà di coinvolgere i giovani. ,SANCIRE
"Quello che vedo è che spesso chi partecipa alle iniziative proposte sono un po' sempre le stesse persone, già di per sé interessate e propositive. O coloro che già partecipano a spazi strutturati quali i CAG. La restante popolazione giovanile si ""vede poco"" ",DESCRIZIONE
e credo che il nostro impegno debba andare nella direzione di capire come raggiungerli se vogliamo che i progetti sia poi realmente efficaci e sedimentino delle buone prassi.,IMPLICAZIONI
"La criticità che riguarda Segrate, da sempre e per tutti i servizi, riguarda l'aspetto morfologico della città divisa da rete ferroviaria e due grosse strade provinciali che rendono difficoltosi i collegamenti per raggiungere i vari quartieri.",DESCRIZIONE
1) Mancanza di un luogo di aggregazione per i giovani (CAG) per mancanza di spazi comunali e di budget disponibile sulle spese correnti.,GIUSTIFICAZIONE
"2) Esistenza di un'unica associazione giovanile, ma è composta principalmente da ragazzi sui 25 anni e post Covid ha smesso di essere attiva. Ad oggi non riesce più ad attrarre persone più giovani per garantire ricambio generazionale",DESCRIZIONE
3) Mancanza della fascia 30-40 anni nella vita politica e associazionistica sul territorio con conseguente difficoltà ad attrarre ed agganciare i ragazzi di 20-30 anni.,CAUSA
"cassina de' pecchi è una realtà a sé: i giovani sono molto coinvolti organizzano il palio delle contrade, per esempio, tuttora in corso, che dura 15 gg; organizzano l'Hawaiian party il 3 luglio, la festa di Carnevale, il summer festival e tante altre iniziative di livello",COMMENTO
"la suddivisione degli ambiti: non è detto che tecnici e politici conoscano i bisogni dell'utenza in maniera esaustiva,",VALUTAZIONE
"nel nostro caso c'è stato un confronto prima di scegliere a cosa aderire delle proposte fatte ma non era scontato, credo che dovrebbe essere invece prassi quando le azioni ricadono sul servizi che non sono direttamente svolti dal comune;",OPINIONE
c'è poca omogenetità: spesso non si rendono analoghe le offerte educative del territorio ,VALUTAZIONE
"e dunque creare una rete risulta possibile solo laddove ci sono delle affinità,",SANCIRE
bisognerebbe sfruttare maggiormente i tavoli di confronto intercomunali e raccogliere gli stimoli derivanti ma al momento è complesso anche solo esser presenti a questi;,CONTRAPPOSIZIONE
"la mancanza di istituti superiori sul territorio di Cassina spinge i ragazzi a spostarsi verso altri centri urbani.
Questo rende più difficile il coinvolgimento dei giovani sul territorio.",CONSIDERAZIONE
"Nel nostro territorio l'attività associativa è molto variegata ed intensa, ",VALUTAZIONE
purtroppo alle volte ai ragazzi arriva un'offerta frammentaria e quindi mi sembra facciano un pò fatica a conoscere e ad orientarsi tra le possibilità di protagonismo che ci sono,GIUDIZIO
Difficoltà coinvolgimento dei giovani/ Mancanza di storicità sul territorio / Difficoltà di creare una rete di rapporti che consenta una maggior estensione del servizio.,SANCIRE
"Garantendo un servizio per poche ore, senza una rete e una collaborazione tra le parti che gestiscono le politiche giovanili diventa difficile inserirli all'interno della comunità.",IMPLICAZIONI
E' un punto critico su cui si sta cercando di lavorare (vd. progetti GessateMAPS e GessateLAB),COMMENTO
-Tenere sempre gli stessi riferimenti a cui chiedere di fare azioni di protagonismo,SANCIRE
(se si chiede sempre agli stessi si consumano a livello di voglia di mettersi in gioco,CAUSA
e in più rappresentano una fetta parzialissima di bisogni/esigenze dei giovani),SPECIFICAZIONE
-non avere in testa che possano essere risorsa ma convocarli sempre per azioni in cui siano utenti,SANCIRE
-sono gli adulti e i professionisti che pensano a quelli che sono i bisogni e le esigenze dei giovani,COMMENTO
"la mancanza di coordinamento tra le diverse realtà giovanili
la mancanza di coordinamento tra le diverse istituzioni che si occupano di giovani
la carenza di promozione efficace delle iniziative a favore dei giovani",SANCIRE
1. poca comunicazione con gli Istituti Scolastici del territorio: ,SANCIRE
"anche la scuola deve essere ritenuta un 'alleata fondamentale per dar vita a progetti rivolti ai giovani (laboratori interni di cittadinanza attiva, laboratori a tema educazione civica, visite ai luoghi del Comune)",COMMENTO
2. poca comunicazione con altre Cooperative Sociali che sullo stesso territorio lavorano con i giovani:,SANCIRE
unire le forze per raggiungere obiettivi comuni,COMMENTO
3. aspetto demografico: limitato numero di ragazzi tra gli 11 e i 18 anni presenti sul territorio e difficoltà nel trovare azioni che riescano effettivamente a coinvolgerli attivamente,DESCRIZIONE
"Difficoltà delle istituzione di comunicare ai giovani. 
Difficoltà di coinvolgimento in progetti.
Difficile conformazione territoriale.",SANCIRE
"Settorialità visioni vari attori. Focalizzazione su bisogni concreti e conclamati. Visione ""datata"" delle modalità di promozione dl protagonismo giovanile legato a esperienze note (es animatore oratorio). Quest'ultima criticità in particolare determina una chiusura e una difficoltà nel riconoscere le nuove forme attraverso le quali la promozione del protagonismo giovanile può realizzarsi",SANCIRE
A-B-C,NON RISPOSTA
1. I servizi per i giovani sono pensati dai vecchi = proposte poco interessanti,CAUSA
"2. I servizi proposti si basano sulla società per com'è, non per come potrebbe essere",GENERALIZZAZIONE
3. I servizi non sono razionalizzati = il target si dis-perde,CAUSA
frammentazione e non conoscenza delle risorse;,SANCIRE
"scarsa connessione fra Comuni,",GIUDIZIO
politiche più orientate all'inclusione che al protagonismo,SANCIRE
Le iniziative sono poco appetibili se pensate dagli adulti;,GIUDIZIO
vanno coinvolti gruppi di giovani e non singoli;,COMMENTO
orari di fruizione delle attività,SANCIRE
difficoltà al coinvolgimento di giovani non appartenenti a gruppi già organizzati e strutturati (gruppi informali),SANCIRE
Scarso appoggio alle attività di protagonismo giovanile da parte delle fasce più anziane della popolazione,GIUDIZIO
", che sfocia talvolta in aperta ostilità.",SPECIFICAZIONE
"Limitata pubblicità.
Finanziamenti scarsi da parte delle istituzioni.",GIUDIZIO
"Difficoltà nel reperire nuovi volontari dopo la pandemia, ",SANCIRE
"Difficoltà nella realizzazione di eventi a causa della pandemia,",GIUSTIFICAZIONE
pericolo di ripetitività di inziative già avvenute.,DESCRIZIONE
"Mancanza di spazi gratuiti e facilmente accessibili, disponibili per lo svolgimento di eventi che superino i 50 partecipanti. ",DESCRIZIONE
Poca integrazione con le associazioni dei comuni limitrofi.,GIUDIZIO
Difficoltà nella collaborazione con le scuole superiori presenti sul territorio.,SANCIRE
pochi spazi di aggregazione in alcuni comuni; presa in carico uonpia; problema dipendenze,SANCIRE
"1) Gli spazi di ritrovo
2) L'attivismo sul territorio",GENERALIZZAZIONE
3) Mancanza di eventi pubblici dedicati ai giovani,GIUDIZIO
"mancanza di una rete di collaborazione a scala vasta, difficoltà a parlare e coinvolgere i giovani,",SANCIRE
azioni troppo discontinue,GIUDIZIO
1) difficoltà di penetrazione dei progetti nelle Scuole,SANCIRE
2) assenza di un centro cittadino dove si possano ritrovare,DESCRIZIONE
La comunicazione e l'ingaggio dei giovani,GENERALIZZAZIONE
"difficoltà a dare fiducia, dare un ruolo di responsabilità, vicinanza alla grande città",SANCIRE
Pochi eventi dedicati alla nuove realtà innovative e tecnologiche - pochi seminari -poca comunicazione,SANCIRE
assenza di strutture,SANCIRE
"Mancanza di strutture
Mancanza di proposte",SANCIRE
"Pochi luoghi di socializzazione e di incontro.
Poca offerta di attività legate al protagonismo e al coinvolgimento.",SANCIRE
Poca appetibilitá e coinvolgimento,GIUDIZIO
", soprattutto per i più grandi (15-18).",SPECIFICAZIONE
"1. informazione sulle attività che si svolgono
2. coinvolgimento della scuola superiore
3. luoghi di aggregazione",GENERALIZZAZIONE
L'offerta per i giovani è ridotta se paragonata a quanto è disponibile per bambini (e famiglie) e preadolescenti - ,VALUTAZIONE
Le realtà territoriali faticano ad intercettare le fasce più problematiche della popolazione giovanile - ,DESCRIZIONE
"Proposte ancora molto orientate all'""offerta"" ed al ""servizio"", poco alla partecipazione dal basso",GIUDIZIO
Difficoltà di spostamento in uscita da Carpiano / ,SANCIRE
"fatica di aggancio, ora, in assenza di eventi pubblici/aperti ,",GIUSTIFICAZIONE
assenza di scuole medie e superiori in loco ( x aggancio diretto con ragazzi/e),DESCRIZIONE
In generale (non necessariamente per CRI): difficile coinvolgimento diretto dei giovani (se non tramite associazioni) nella progettualità di servizi/spazi del territorio,SANCIRE
o comunque coinvolgimento solo iniziale;,SPECIFICAZIONE
"distribuzione eterogenea sul territorio delle azioni; (specificazione) scarso coinvolgimento delle fasce ""non giovani"" verso i giovani",GIUDIZIO
"(in altre parole, spesso le due parti vengono trattate come se ci fosse un'intercapedine tra di esse).",SPECIFICAZIONE
La mancanza di comunicazione e relazione tra le associazioni giovanili e le persone o enti di altre fasce d'età del territorio.,DESCRIZIONE
"non posso dire che è un punto debole perchè non conosco, ma non so come gira l'informazione delle varie attività .",COMMENTO
"Tra i giovani avverto una chiusura, un certo disinteresse per la vita della comunità.",OPINIONE
Manca una conoscenza reciproca per poter coordinare le iniziative,SANCIRE
1)servizio di trasporto pubblico carente,GIUDIZIO
"(dopo un certo orario, è molto difficile riuscire a spostarsi sul territorio attraverso i mezzi pubblici)
",CONFERMA
"2)nessuna promozione di attività volte ai giovani sul territorio
3)mancanza di rete tra le associazioni",SANCIRE
Comunicazione tra i vari soggetti educativi e collaborazione comune,SANCIRE
"Le scuole sono troppo occupate a fare Funzionare la scuola, piuttosto che a pensare al benessere del ragazzo.",COMMENTO
Mancanza di un dialogo fra scuole ed enti del territorio.,SANCIRE
I giovani sono restii a frequentare ambienti organizzati al di là della scuola...,GIUDIZIO
Per questo motivo la scuola è basilare per collaborare su progetti che vedano la partecipazione dei ragazzi sul territorio ... Banalmente tenere ordinato e pulito gli spazi esterni/ giardini / prati / incontro con realtà territoriali. ,COMMENTO
"Per quanto poco conosca il territorio mi pare di poter dire che:
1) Mancano occasioni e spazi per incontri INFORMALI con i giovani: ",DESCRIZIONE
"spesso le cose migliori nascono dal basso, attraverso momenti di confronto con gli interessati",COMMENTO
2) Territorio molto vasto e molto differenziato i quartieri sono spesso mondi a sé.,GIUDIZIO
"3) Il baricentro della vita è spostato sempre più in due direzioni opposte: fuori da San Giuliano (per studio/lavoro) con orari spesso anche estremi, o nell'intimità domestica (fenomeno delle piazze virtuali).",DESCRIZIONE
"Realizzazione effettiva, passaggio da teoria a realtà",SANCIRE
"- Andrebbe incrementato il lavoro di rete tra i protagonisti dei territori di riferimento
- Difficoltà di reclutamento dei giovani nelle attività",SANCIRE
"-Mancanza di spazi 
-Mancanza di fondi 
-Mancanza di collaboratori",SANCIRE
Creatività - i giovani sono molto più creativi,GIUDIZIO
Co-responsabilità,GENERALIZZAZIONE
Costruzione di una comunità inclusiva che possa prevenire fenomeni di devianza giovanile,IMPLICAZIONI
"Il territorio di Bussero è un territorio ricco di associazionismo
Il tavolo per le politiche giovanili svolge un ruolo importante di rete tra i vari soggetti del territorio
Sono presenti tante iniziative a favore dei cittadini , anche giovani",GIUDIZIO
"C'è una pluralità di soggetti che sono interessati ai giovani (associazioni, oratori, enti del terzo settore), quindi non abbiamo il problema di ""creare"" veicoli per lo sviluppo di iniziative",VALUTAZIONE
", semmai di coordinarle e farle interagire tra di loro.",SPECIFICAZIONE
Inoltre vi sono alcuni enti del terzo settore che hanno dimostrato di operare in modo davvero competente.,GIUDIZIO
"Infine il mondo degli adulti è ben consapevole dell'esistenza di una ""questione giovanile"" ancor più enfatizzata dei recenti strascichi della pandemia.",SANCIRE
alcune realtà (poche ancora) che provano a supportare realmente i giovani nella promozione del protagonismo giovanile,SANCIRE
il coinvolgimento dei giovani in numerose spazi ed attività che favoriscano la socializzazione.,DESCRIZIONE
Dopo il periodo di isolamento pandemico ritengo che questo rappresenti un importante punto di forza.,OPINIONE
Organizzazione di momenti di ascolto e confronto. Numerose attività culturali di educazione ambientale che permettono ai giovani di esprimere le loro peculiarità.,DESCRIZIONE
parlo di Bussero,SPECIFICAZIONE
centro di aggregazione giovanile,SANCIRE
"osservatorio giovanile, realtà che crea rete di comunità di tutte le egenzie educative dei giovani e attraverso il confronto elabora azioni e misure per i giovani",DESCRIZIONE
"aula studio
giovani bussero tavolo del protagonismo giovanile rivolto ai ragazzi con piu di 20 anni",SANCIRE
VOGLIA DI FARE DA PARTE DI ALCUNI GIOVANI - VOGLIA DI ESPLORARE NUOVI CONFINI,SANCIRE
Impegno delle amministrazioni locali su questa tematica.,SANCIRE
Presenza di un forum giovani Martesana che può giocare un funzionale ruolo di coordinamento e promozione di collaborazioni inter comunali ,CONSIDERAZIONE
a mio avviso indispensabili.,COMMENTO
Presenza sul distretto dei tavoli di area che possono facilitare scambi ed occasioni di riflessione e progettazione condivisa a partire da analisi dei bisogni comuni.,CONSIDERAZIONE
Potrebbero nascere piccoli gruppi di giovani nei vari quartieri e favorire il coinvolgimento anche di chi è più isolato,POSSIBILITÀ
"1) Presenza di talenti in ambito artistico e musicale, che possono partecipare e dare il proprio contributo ad eventi sul territorio",CONSIDERAZIONE
"2) Attenzione e collaborazione da parte dell'unità pastorale sul territorio nei progetti per i giovani non solo dal punto di vista religioso (ad esempio metodo di studio)
3) Interesse da parte di molte associazioni a cercare ed includere giovani nel proprio organico (protezione civile, associazioni culturali, associazioni sportive).",DESCRIZIONE
Presenza di associazioni sportive che finalmente propongono sport anche per adolescenti e giovani,GIUDIZIO
"(fino a poco tempo fa, riuscivamo solo ad avere qualche squadra di pallavolo femminile)",SPECIFICAZIONE
L'associazione Giovanile Fuori la Voce è un'eccellenza del nostro territorio per aggregazione e capacità realizzative,VALUTAZIONE
c'è molta voglia di fare,SANCIRE
"che però va accompagnata perché i ragazzi non sono più abituati a viverla,",VALUTAZIONE
personalmente siamo riusciti a ripopolare il servizio lavorando sin dalla preadolescenza,OPINIONE
"I giovani organizzano eventi per la città, le associazioni di giovani sono sostenute dal Comune, le associazioni collaborano tra loro.
Gli eventi organizzati dai giovani a Cassina riescono a coinvolgere moltissimi cittadini.",DESCRIZIONE
"Presenza di politiche giovanili ben strutturate,",GIUDIZIO
"iniziative delle scuole medie che promuovono la conoscenza delle associazioni locali (es. a maggio - Bussero),",DESCRIZIONE
rete tra i soggetti attivi sul territorio,SANCIRE
Investimento del Comune nelle politiche giovanili,SANCIRE
"/ Disponibilità degli Enti a fare rete, concretizzata nel lavoro dell'Osservatorio / Organizzazione di eventi pubblici dedicati ai giovani",DESCRIZIONE
-azione di territoriale per allargare il parterre giovanile,SANCIRE
"-progetto che ha in mente di convocare i giovani in un tavolo progettuale
-il comune propone dei luoghi fisici concreti in cui i giovani possono incontrarsi e sperimentarsi",DESCRIZIONE
"la presenza di un ambiente quale il centro di aggregazione giovanile che i giovani possano riconoscere come proprio
la possibilità data ai giovani di contribuire alla gestione degli spazi del c.a.g.
le professionalità presenti nei servizi, quali informagiovani e c.a.g.",DESCRIZIONE
1- coinvolgimento dei ragazzi nell'organizzazione di alcuni eventi e feste locali,DESCRIZIONE
2- iniziare a coinvolgere i ragazzi più piccoli ( quinta elementare e scuola secondaria di primo grado) attraverso il Consiglio dei Ragazzi: questo è un modo per farli sentire fin da più piccoli partecipanti attivi della propria comunità,CONSIDERAZIONE
3- cercare di co-progettare insieme alla comunità per dare risposte per la comunità stessa,GENERALIZZAZIONE
"La rete che negli anni abbiamo costruito sul territorio.
Il lavoro con le scuole.
Il rapporto con le parrocchie",SANCIRE
"Presenza di realtà che favoriscono l'incontro dei giovani e la condivisione di esperienze. Nei giovani maggior desiderio di emergere attraverso i canali e le risorse oggi possibili, per far sentire la propria voce.",DESCRIZIONE
Disponibilità della Comunità ad essere coinvolta nella promozione del protagonismo giovanile.,DESCRIZIONE
Quest'ultima in particolare permette la realizzazione di collaborazioni che garantiscono sempre maggiori opportunità ai giovani di emergere ed autodeterminarsi.,SPECIFICAZIONE
D-E-F,NON RISPOSTA
I giovani stanno aspettando che qualcuno si interessi a loro.,NON RISPOSTA
"risorse naturali,",GENERALIZZAZIONE
"comuni di media grandezza più prossimi,",GIUDIZIO
giovani che propongono ai giovani;,GENERALIZZAZIONE
utilizzo di instagram come canale social; promozione attraverso le scuole,DESCRIZIONE
le tre associazioni giovanili presenti sul territorio sono realtà strutturate che hanno consolidato nel tempo le loro competenze rendendole interlocutori e partner centrali nella costruzione di politiche di protagonismo giovanile con gli altri attori del territorio,GENERALIZZAZIONE
"Grande partecipazione giovanile agli eventi organizzati dall’associazione.
Valore culturale delle iniziative.

",GIUDIZIO
"Giovani attivi molto appassionati, ottima collaborazione con le istituzioni locali,",GIUDIZIO
Buone infrastrutture e spazi per un comune delle dimensioni di San Donato.,RIDIMENSIONAMENTO
Dialogo e ricettività da parte dell'Amministrazione e gli uffici comunali. ,GIUDIZIO
"Presenza di più associazioni giovanili attive sul territorio. 
Possibilità di patti di collaborazione con i quali le associazioni possono gestire uno spazio.",GENERALIZZAZIONE
la rete territoriale radicata(comitato scientifico); coprogettazione dei servizi pubblico privato;,SANCIRE
esistenza di molte associazioni di volontariato e sportive che intercettano i minori,GENERALIZZAZIONE
/,NON RISPOSTA
1) Riapertura spazi per i giovani comunali,DESCRIZIONE
(cag e spazio via trieste),SPECIFICAZIONE
"2) Coinvolgimento delle nuove associazioni del territorio
3) Propensione della giunta comunale a sostenere eventi e le politiche giovanili",DESCRIZIONE
"volontà dei comuni di trattare la questione giovanile, presenza di diversi servizi ,",SANCIRE
"1) presenza dell'associazione Sandocalling
2) trasformazione di Cascina Roma e aperture extra della Biblioteca centrale
3) iniziative promosse negli utlimi anni e dedicate ai giovani",DESCRIZIONE
la passione verso i giovani,SANCIRE
"vicinanza alla grande città, spazio aperto e nel verde, volontà prettamente dei giovani",SANCIRE
volontà da parte dei comuni ad organizzare e far conoscere nuove professioni con l'ausilio delle nuove tecnologie,DESCRIZIONE
"paese piccolo, ci si conosce tutti",SANCIRE
"Tanti eventi
Tanta volontà da parte delle associazioni",SANCIRE
"Nelle sedi istituzionali e nei tavoli di lavoro emerge voglia di investire e attivare opportunità.
Forti allenze tra pubblico e privato. 
",SANCIRE
da quest'anno la collaborazione con alcune associazioni,SANCIRE
"Presenza ricca di realtà sportive, associative, culturali -",SANCIRE
Potenzialità del territorio sia per quanto riguarda gli spazi che per quanto riguarda le risorse a disposizione,VALUTAZIONE
"Buona collaborazione tra associazioni; negli eventi: buona collaborazione tra A.C,",GIUDIZIO
volontariato e comunità; disponibilità delle persone a mettersi in gioco,SANCIRE
"Fiducia nelle associazioni, coinvolgimento, possibilità di accedere a fondi/patrocini.",SANCIRE
Il ruolo del Comune come Promotore di iniziative nelle scuole e sul territorio e la partecipazione del Comune alle proposte presentate dalle associazioni giovanili presenti sul territorio.,DESCRIZIONE
mi sembra che sul territorio non manchino le possibilità.,GENERALIZZAZIONE
"1)presenza di grosse aree verdi
2)alto numero di giovani presenti sul territorio",DESCRIZIONE
3)forte volontà di collaborare tra i giovani,SANCIRE
1) Le risorse sono presenti sul territorio ma non vengono valorizzate ,CONTRAPPOSIZIONE
"2) Grande ricchezza di giovani di estrazione sociale, economica e culturale differente
3) Grande partecipazione dei giovani alle associazioni sportive",DESCRIZIONE
Ce ne sono tanti,NON RISPOSTA
"Non mancano le risorse economiche 
Non mancano le disponibilità istituzionali
Realtà di volontariato numerose",SANCIRE
Mi pare ci sia una buon potenziale,OPINIONE
"Gli oratori hanno delle belle strutture e delle energie da mettere a disposizione
esistono già dei soggetti che lavorano in rete e hanno contatti di collaborazione",SANCIRE
"Movimento all'interno dei gruppi giovanili, voglia di fare",SANCIRE
- Il sistema scolastico che mette al centro i giovani,SANCIRE
- Attivazione di nuovi progetti per motivare i giovani ed evitare fenomeni di dispersione,DESCRIZIONE
"-Forte richiesta 
-Buon riscontro ",GENERALIZZAZIONE
-Tanta voglia di fare e di mettersi in gioco,SANCIRE
Da un punto di vista tecnico ritengo che il mio ruolo possa orientare le politiche giovanili supportando i politici. Supportare i giovani e favorire la relazione fra il mondo adulto (attivo) e i giovani,SANCIRE
"Sostenendo e promuovendo le iniziative proposte dal territorio.
Mantenendo la partecipazione ai tavoli di area",SANCIRE
Anche rispetto alle capacità progettuali il Comune può aiutare i giovani a rendere fattibile un progetto o un'idea nata tra di loro.,SANCIRE
Spazi di dialogo e confronto in cui tematiche e attività sono presidiate a livello educativo ma condivise con l'utenza,GENERALIZZAZIONE
Possiamo ideare e coordinare varie progettualità insieme alle associazioni del territorio e ad altre realtà comunali per valorizzare il mondo giovanile.,DICHIARAZIONE DI INTENTI
"spazi, ascolto, collaborazione e rete",SANCIRE
FORMAZIONE SULLA EDUCAZIONE CIVICA E LEGALITA',SANCIRE
Maggiori risorse economiche e di personale senza le quali ogni buon proposito si scontra poi con l'impossibilità di realizzarlo.,IMPLICAZIONI
Forse banale ma ritengo che sia un prerequisito per evitare di costruire castelli privi di fondamenta.,COMMENTO
Sicuramente avere maggiori risorse economiche sarebbe molto utile,COMMENTO
"Includere nei progetti di ristrutturazione degli edifici pubblici (attualmente in corso di progettazione) degli spazi per l'aggregazione, per nuovi sport e per la musica.
Mettere in contatto i giovani talentuosi di diverse fasce d'età e proporre loro di collaborare ad uno specifico progetto (ad esempio il murales)",DESCRIZIONE
"supporto dal punto di vista organizzativo, economico e amministrativo burocratico",SANCIRE
è la nostra normale attività al centro giovani,SANCIRE
abbiamo infatti un discreto seguito,COMMENTO
Potenziare la rete tra le diverse associazioni già presenti sul territorio e continuare a far emergere i talenti e le competenze dei ragazzi del territorio.,DESCRIZIONE
Offrire spazi ai giovani per l'organizzazione di nuove iniziative o per l'approfondimento di alcune tematiche ambientali di attualità. Coinvolgimento in attività ludico-educative che possano sensibilizzare sui temi ambientali.,DESCRIZIONE
Se si riuscissero a intercettare negli eventi organizzati e con il Consiglio dei Ragazzi/Consulta Giovani (Forum Giovani) potrebbero contribuire attivamente nella creazione di politiche pubbliche e di attività a loro dedicate.,COMMENTO
"Avere un'educatrice di comunità permette al SIFaMi di non rispondere in una logica di servizio ai singoli casi ma di aprire ad una lettura delle esigenze e ad uno sguardo più a 360°, portando il proprio contributo a dar visibilità a ciò che già esiste",IMPLICAZIONI
"maggiore cura e investimenti sugli ambienti
creazione di nuovi spazi
maggiore efficacia nella comunicazione e migliore promozione dei servizi
maggior coordinamento tra le realtà del territorio
",SANCIRE
"- Creare maggiore sinergia con gli enti scolastici e con le altre cooperative sociali del territorio, confrontarsi e comunicare per trovare soluzioni condivise.
- creare situazioni per raccogliere dati specifici sul territorio che diano informazioni rispetto agli effettivi bisogni e richieste dei giovani (questionari, micro interviste)
- creare laboratori ad hoc che cerchino sempre di più di rispondere alle esigenze dei ragazzi
",DESCRIZIONE
"Il continuo lavoro alla creazione della rete, il supporto economico organizzativo, la regia nel raccogliere bisogni e coordinare gli interventi.",DESCRIZIONE
Sostenere i giovani nell'assumere un ruolo attivo all'interno della propria comunità attraverso esperienze e percorsi di cittadinanza attiva.,DESCRIZIONE
Festival,SANCIRE
"Fare rete, condividere le esperienze e i contatti.",SANCIRE
Progettazione e connessione con la governance distrettuale,SANCIRE
"operatori esperti di protagonismo giovanile, esperienza nella organizzazione di servizi per i giovani, promozione delle iniziative",SANCIRE
"ruolo di promozione e coordinamento, di capacitazione degli attori",SANCIRE
Organizzazione attiva di questa partecipazione,SANCIRE
"Vasta conoscenza del territorio, ampia e consolidata rete di realtà, volontari e collaboratori con competenze tecniche, artistiche e manageriali molto sviluppate e professionali, capacità di sviluppare eventi e iniziative di diverso genere e ambito.",SANCIRE
Attivazione di giovani attent* alle tematiche del contrasto di violenza e stereotipi di genere.,DESCRIZIONE
maggior protagonismo,GENERALIZZAZIONE
e azioni rivolte a minori con problemi di dipendenza,DESCRIZIONE
/,NON RISPOSTA
"Creazione di eventi aperti al pubblico, coinvolgimento con altre associazioni per creare una rete, offrire servizi alla cittadinanza più giovane, farsi cassa di risonanza rispetto a ciò che avviene sul territorio",DESCRIZIONE
consideriamo prioritario il tema dei NEET e di attivazione di azioni concrete per contrastare il fenomeno,GIUDIZIO
"1) Ideazione e realizzazione di un festival musicale specifico, magari rivolto alla musica urban, in collegamento con la urban art",DESCRIZIONE
2) progetti musicali da realizzare nelle scuole di ogni ordine e grado,DESCRIZIONE
"(dalla propedeutica musicale per l'infanzia, alla body percussion, al sound painting, alla musica elettronica)",SPECIFICAZIONE
3) supporto alle scuole per la partecipazione a concorsi musicali,SANCIRE
4) raccolta fondi per istituire borse di studio per ragazzi con talento che non possono sostenere la spesa di un corso presso la nostra Scuola,DESCRIZIONE
"Formazione, Esperienza, Coaching",SANCIRE
credere e condividere le proposte,SANCIRE
Organizzare degli incontri formativi nei settori di interesse per i giovani che vogliono inserirsi nel mercato del lavoro,DESCRIZIONE
(marketing-social-Visual Art-modellazione e stampa 3d) ,SPECIFICAZIONE
Coinvolgere nelle attività più ragazzi under 25,SANCIRE
/,NON RISPOSTA
"Creare reti positive con lo scopo di coprogettare e mettere in atto interventi volti alla partecipazione e al protagonismo.
Promuovere e poter essere ponte per favorire inclusione e aggancio sul territorio a quei servizi che coinvolgono e rendono protagonisti i giovani.


",GENERALIZZAZIONE
Attivare gruppi con giovani con lo scopo di coprogettare a partire dai loro sogni e desideri. ,DESCRIZIONE
progettare con continuità interventi sul territorio che vedono come protagonisti i ragazzi,GENERALIZZAZIONE
promuovere la conoscenza del territorio attraverso interventi di promozione da parte dei giovani stessi,DESCRIZIONE
Co-progettazione ed esperienze pregresse,SANCIRE
"Presenza costante, supporto alla divulgazione, punto di incontro",SANCIRE
Operando su un territorio relativamente vasto potrebbe far da ponte tra le associazioni strettamente comunali.,VALUTAZIONE
Partecipazione alla costruzione di reti professionali tra partner accomunati da una condivisione di intenti su piano sociale.,DESCRIZIONE
aiutarli ad essere cittadini più consapevoli ,SANCIRE
e cercare di stimolarli all'interesse per la comunità tutta,DICHIARAZIONE DI INTENTI
offrire un presidio costante per poter soddisfare un bisogno della popolazione studentesca di San Giuliano Milanese.,SANCIRE
Implementare la rete come facilitatore a livello comunicativo e promozionale,SANCIRE
Collaborazione piena nella discussione e nella concretizzazione delle attività,SANCIRE
Collaborazione attraverso il nostro specifico come spiegato sopra,GENERALIZZAZIONE
"Credo che gli oratori possano permettere ai giovani di fare esperienze qualificanti, capaci di stimolare i giovani a prendersi cura del mondo attorno a loro senza chiudersi in una mentalità puramente ripiegata sulla pura autorealizzazione ma che colga nel ""Prendersi cura"" (degli altri, dell'ambiente, della polis) un tratto fondamentale dell'umano.",OPINIONE
"Recup è un'attività sociale attiva, che ha un obiettivo molto pratico.",GIUDIZIO
"Aiuta a far sentire subito utili i volontari, aprendoli anche a nuove frontiere di ragionamento",SANCIRE
Il nostro Ente si mette a disposizione per fare rete con tutti gli interlocutori del territorio ,SANCIRE
e si impegnerà a coinvolgere il maggior numero possibile di studenti nelle attività.,DICHIARAZIONE DI INTENTI
Inoltre mettiamo a disposizione il know how dei nostri formatori per ciò che attiene la gestione e motivazione dei giovani.,DESCRIZIONE
"Il circolo giovanile è un luogo in cui costruire relazioni significative ed usufruire di opportunità utili a promuovere e sviluppare l'interazione e competenze. Il centro offre occasioni di libera aggregazione, attività di sostegno scolastico e attività laboratoriali.
L'obiettivo è quello di diventare punto di socializzazione, di partecipazione e formazione ""non formale"". Ci piace promuovere attività di raccordo e collaborazione permanente sul territorio cittadino in modo da permettere un'azione sinergica e un confronto costante rispetto alle metodologie e agli obiettivi prefissati.
Il Circolo giovanile è un luogo in cui incontrarsi, raccontarsi, confrontarsi e conoscersi, è uno spazio fisico e dunque stabile e riconoscibile. È anche uno spazio simbolico, che rappresenta l'impegno che la comunità si assume nei confronti delle nuove generazioni.",DESCRIZIONE
Ostacolo: Poco personale comunale (stabile) dedicato alle politiche giovanili ,SANCIRE
Strategie: istituzione del tavolo politiche giovanile,SANCIRE
Il tenere insieme i tanti aspetti e impegni lavorativi con le varie proposte/progetti presenti sul territorio,DESCRIZIONE
"Il carico di lavoro degli uffici talvolta ostacola la possibilità del Comune di mettersi a disposizione. Laddove all'Amministrazione comunale siano chiesti contributi economici, purtroppo il contesto finanziario dell'ente non consente di darvi seguito.",GIUSTIFICAZIONE
"Si tratta di due problematiche interconnesse, in quanto l'incremento di dotazione degli uffici richiede investimenti economici, e che, sino al termine del piano di riequilibrio dovuto al pre-dissesto dell'Ente, non possano trovare soluzione.",CONSIDERAZIONE
le nostre realtà sono impostate già come descritto nella risposta precedente,NON RISPOSTA
le nostre realtà sono impostate già come descritto nella risposta precedente,NON RISPOSTA
La pandemia ha avuto un impatto notevole sui giovani quindi stiamo cercando di elaborare strategie e progetti che favoriscano il protagonismo giovanile,GENERALIZZAZIONE
"mancanza di fondi, difficolta di coinvolgere attivamente i giovani",SANCIRE
"NON è FACILE COINVOLGERE I GIOVANI NELLE NOSTRE ATTIVITA',",GIUDIZIO
PROBABILMENTE NON ABBIAMO ANCORA TROVATO UN CANALE LINGUISTICO ADEGUATO,GIUSTIFICAZIONE
Le difficoltà burocratiche ed economiche con cui ci misuriamo giornalmente.,SANCIRE
Rintracciare fondi all'interno del bilancio comunale è un ostacolo,DESCRIZIONE
"Ostacoli di bilancio (scarsa disponibilità di spese correnti),",SANCIRE
per ovviare partecipiamo a bandi regionali/statali.,DESCRIZIONE
"Difficoltà a mantenere vive le associazioni sul territorio,",SANCIRE
probabilmente bisognerebbe creare una partnership con associazioni giovanili di comuni limitrofi (ad esempio comune di Pantigliate).,SANCIRE
Gli ostacoli principali sono di natura strettamente economica,SANCIRE
(siamo un Comune in disavanzo tecnico),SPECIFICAZIONE
"le risorse sono il principale problema,",SANCIRE
abbiamo bisogno di poter accedere ad offerte che rispondano agli interessi ed ai bisogni dei ragazzi ma molto spesso gli appalti non lo permettono.,CONTRAPPOSIZIONE
Noi ci riteniamo fortunati avendo un amministrazione che interviene nel momento in cui può farlo,VALUTAZIONE
ma anche qui non è dovuto o scontato.,SPECIFICAZIONE
Non vedo ostacoli. Continuiamo a lavorare in rete con le istituzioni e le diverse associazioni che si occupano di giovani sul territorio,VALUTAZIONE
Il protagonismo giovanile è uno degli obiettivi primari della nostra associazione.,COMMENTO
"Legambiente nazionale ha realizzato, nell'ambito del progetto ECCO (economie circolari e di comunità), un lavoro sui green jobs che potrebbe orientare i ragazzi alla scelta di un percorso lavorativo che metta al centro la sostenibilità.",IMPLICAZIONI
Difficoltà nel coinvolgere i giovani.,SANCIRE
"Con l'educativa territoriale e la presenza delle realtà, anche coordinandosi può facilitare l'intercettazione dei giovani.",SANCIRE
Rientrare in una logica di servizio per soddisfare la richiesta di portare un risultato a casa.,GENERALIZZAZIONE
La strategia è quella del ruolo dell'educatrice di comunità che non attiva direttamente dei servizi ma si pone come facilitatrice di incontri e realizzazione di azioni comuni,DESCRIZIONE
al momento è stato avviato il tavolo delle politiche giovanili che si propone di coordinare le realtà territoriali che si occupano di giovani,DESCRIZIONE
interessante sarebbe creare un grande evento annuale che coinvolga i giovani da organizzare insieme a loro,GIUDIZIO
"non ci sono specifici ostacoli, ",SANCIRE
bisogna attivare più azioni che possano arrivare tutte allo stesso obiettivo finale di incrementare il protagonismo dei giovani sul territorio,GENERALIZZAZIONE
Complessa struttura sociale e territoriale di Pioltello.,GIUDIZIO
Risorse economiche non sufficienti per rispondere ai bisogni.,SANCIRE
Creare una rete sempre più capillare.,SANCIRE
Da un lato un ostacolo di mandato ed economico,SANCIRE
superabile attraverso la condivisione di intenti e progetti con l'Amministrazione; ,SANCIRE
"dall'altro un ostacolo legato alla governance dei progetti, data la necessità di operare un costante raccordo tra i vari soggetti coinvolti affinchè gli obiettivi e la modalità per la loro realizzazione siano sempre condivisi",CONSIDERAZIONE
/,NON RISPOSTA
Coinvolgimento degli snodi territoriali utili a costruire occasioni di protagonismo giovanile,SANCIRE
Nuove strategie comunicative nei confronti dei giovani più in linea con le loro modalità,COMMENTO
Mancanza del senso di realtá; mancanza di senso civico,SANCIRE
punti critici: difficoltà per il servizio ad incontrarli e a coinvolgerli in un progetto comune.,SANCIRE
"POCO ASCOLTO , COINVOLGIMENTO INIZIALE",SANCIRE
"contesto sociale prestazionale, prendere un impegno, possibilità poco prendibili,",SANCIRE
"1) fatica di intercettare i giovani
2) fatica ad individuare un linguaggio che “arrivi”
3) staticità dei servizi",SANCIRE
La criticità principale è pensare da adulti/istituzioni a cosa pensiamo occorra ai giovani dando per scontato esigenze non realmente rilevate.,VALUTAZIONE
"difficile avere il loro tempo, difficile coinvolgerli,",SANCIRE
Far comprendere l'obiettivo dei progetti proposti,DESCRIZIONE
"La fiducia verso il servizio, ",SANCIRE
la difficoltà nel mettersi in gioco in un momento come questo,GIUSTIFICAZIONE
"e spesso i comuni stessi che sono poco interessati, nel concreto, a promuovere protagonismo preferendo attività pre-impostate.",DERESPONSABILIZZAZIONE
- difficoltà nell'identificare le strategie più funzionali che permettano di raggiungere ed agganciare i giovani e di promuovere la motivazione al coinvolgimento -,SANCIRE
- rigidità delle posizioni degli enti con cui i servizi di protagonismo giovanile si interfacciano,SANCIRE
Credo sia un aspetto fisiologico l’essere un po’ incostanti nell’approccio di un impegno duraturo nel tempo.,GIUSTIFICAZIONE
"La diffidenza nei confronti di ogni proposta che viene ""calata dall'alto"" da soggetti con cui non hanno rapporti diretti",DESCRIZIONE
"Mancanza di spazi, coordinamento proposte ed idee.",SANCIRE
1) radicarsi nelle proprie abitudini e non provare il cambiamento ,SANCIRE
"(stessi luoghi di ritrovo/tipologie di serate. Es: Centro commerciale, Pub)",SPECIFICAZIONE
L'eventualità che si attivino politiche e servizi troppo politicizzati e che risultino quindi divisivi,IMPLICAZIONI
Si potrebbe incappare in un non recepimento delle proposte/informazioni,POSSIBILITÀ
"Aspetti critici: portare all’eccesso comportamenti negativi, irrispettosi e poco attenti agli altri",SANCIRE
"E' difficile coinvolgere i ragazzi in percorsi in cui è richiesto un impegno e una partecipazione attiva ""programmata"", vivono maggiormente l'estemporaneità dell'esperienza.",GIUSTIFICAZIONE
"Riuscire ad utilizzare una comunicazione efficace e “giovanile”, che si adegui alle fasce d’età",DESCRIZIONE
competizione negativa tra realtà di uno stesso territorio,SANCIRE
è difficile tirar fuori da loro ciò che pensano e ciò che vorrebbero fare.,SANCIRE
"1- le azioni di protagonismo giovanile danno e i risultati in termini di acquisizione di competenza, riconoscimento social e personale meno immediate;",GIUDIZIO
"2 - la difficoltà di rendere appetibile agli occhi dei giovani le azioni di protagonismo giovanile sia per quanto scritto al punto 1 sia perchè richiedenti un impegno, una costanza e quindi un investimento da parte del giovane, spesso inclini voler tutto e subito e al minor sforzo.",DERESPONSABILIZZAZIONE
Hanno bisogno di continui sostegni e stimoli,SANCIRE
"Possibile lettura parziale della realtà giovanile, difficoltà a raggiungere tutti gli stakeholder senza realtà strutturate e coinvolte nel processo di rilevazione",SANCIRE
gli stessi di prima: i punti di forza sono quelli oggi più in crisi,COMMENTO
"Difficoltà ad abitare il mondo reale. Difficoltà a staccarsi dal mondo virtuale. Confusione e fusione tra questi due mondi. Difficoltà a distinguere il ""vero"" dal ""falso"" (Es. Fake news manipolatorie). Il virtuale come panacea, rispetto alla soluzione di problemi, anche conflittuali della società.",SANCIRE
Punto di caduta: criteri e teorie personali dell'adulto.,SANCIRE
"Chi pensa appartiene ad un'altra generazione. Non sono i giovani a pensare per loro. È una roba per giovani, organizzata da vecchi. ",DESCRIZIONE
"Creare le condizioni, stare dietro le quinte.",SANCIRE
Con il covid si è fermato tutto. ,SANCIRE
"Come hanno fatto i giovani a stare a casa? I ragazzi si sono comportati bene, hanno tutta la mia comprensione.",NON RISPOSTA
"Noi adulti abbiamo dei contesti, missione, idee. I giovani sono bravi e validi non se aderiscono alle nostre proposte, alle nostre idee. Parto da loro, per lasciare che creino delle opere. L'adulto non ti dice di no, ti mostra altre vie, che il mondo è altro. Investire sul capitale umano, promuovendo la loro personalità. Alcuni hanno l'intelligenza pratica.",NON RISPOSTA
"I nostri ragazzi sentono di sentirsi ultimi, attuano atteggiamenti per restare nel ruolo di ultimo. Si difendono. Non credono più in se stessi.",SANCIRE
"Se non hanno spazi adeguati, il rischio è che facciano casino comunque in giro.",COMMENTO
Intolleranza. Conseguenze.,SANCIRE
Attività preconfezionate non interessano. Co-costruire. La debolezza è il coinvolgimento.,SANCIRE
"Pensare ai giovani come ad un target è difficile, è pensare ad un mondo molto sfaccettato. È difficile pensare ad un progetto che possa coinvolgere persone con esigenze molto diverse.",GIUSTIFICAZIONE
Il loro nichilismo,SANCIRE
Criticità adulta nel lasciare spazio ai giovani,SANCIRE
1) Scarsa apertura delle associazioni e dei gruppi nei confronti dei giovani; ,SANCIRE
"2) contrapposizione da parte della Parrocchia nei confronti del Comune, ovvero poca capacità di considerare la società laica come prosecuzione naturale del ""servizio"" fatto in Oratorio; ",DESCRIZIONE
"3) chiusura dei ragazzi, in generale",SANCIRE
L'attenzione di farlo passare nel modo giusto sia ai ragazzi sia alle istituzioni e alle amministrazioni.,SANCIRE
"-il rischio di perdere focus e obiettivo.
-l'individualismo ",SANCIRE
(no briglie sciolte).,COMMENTO
"Non possono essere punti di critici separati, i temi sono concatenati tra loro.",COMMENTO
Mentalità adulta che non favorisce l’accoglienza delle proposte dei giovani,DESCRIZIONE
" (a parole si, ma poi mette difficoltà, vicoli, etc.)",SPECIFICAZIONE
"I ragazzi da soli si perderebbero. Ci deve essere collaborazione tra giovani e adulti con esperienza. C’è bisogno di qualcuno che aiuti i giovani a organizzarsi (strutture, tempistiche)",COMMENTO
"La famiglia pone fiducia e autonomia ai figli, che non sempre però ci mettono costanza nell’impegno preso.",DESCRIZIONE
La relazione con la famiglia è complessa perché vedi che il sostegno e la fiducia che viene data è molto diversa. Molti genitori spesso hanno solo l’approccio sul risultato e non sul divertimento.,VALUTAZIONE
In termini di interesse c’è un livellamento verso basso.,SANCIRE
Rischio di dispersione sociale e isolamento,SANCIRE
L’attenzione al singolo è faticosa perchè non si trovano persone disponibili a farlo.,GIUSTIFICAZIONE
"- Mancanza di riferimenti stabili
- Ai giovani mancano le chiavi di accesso per poter leggere le situazioni. ",SANCIRE
Gli adulti non devono dare niente per scontato. Devono stargli accanto per fargli vedere le cose da un altro punto di vista possibile.,COMMENTO
Comunicazione - ,SANCIRE
territorio diviso su più frazioni -,DESCRIZIONE
Punti di forza: Prendere atto che sono i futuri gestori della vita sociale economica e politica del paese - che sono a conoscenza del contesto storico dal punto di vista di usi e costumi e linguaggi - ,DESCRIZIONE
Punti critici: mancanza di spazi aggregativi- rischio frammentazione delle idee,COMMENTO
L'aspetto critico è che è difficile comprendere che l'azione generativa con i giovani parte da una condivisione delle loro istanze sulla base delle quali costruire ipotesi progettuali. Si tende a proporre i soliti format ai quali fanno sempre più fatica ad aderire. ,COMMENTO
Punto di forza sarebbe avere un'amministrazione comunale che condivide questo approccio nel mettere a disposizione le risorse necessarie.,GENERALIZZAZIONE
Collegamento con il mondo reale; sviluppo della personalità; sviluppo del senso civico; sviluppo della partecipazione attiva; senso del gruppo,SANCIRE
"I ruoli professionali dovrebbero essere smart, flessibili, suscitare curiosità che possano attirare il loro interesse e coinvolgimento.",IMPLICAZIONI
Le proposte dovrebbero nascere dalla loro volontà e non dalla volontà di altri (servizi),SANCIRE
"PARTECIPAZIONE, CHIAREZZA DEI DESIDERATA, VISIBILITA'",SANCIRE
"essere risorsa per la comunità, sviluppare competenze da cittadino e anche professionali, conoscenza di se, conoscenza del territorio",SANCIRE
"Il punto di forza della promozione del protagonismo dei giovani è la strategicità del loro ruolo all'interno della comunità intesa come possibilità di cogestire con gli adulti svariati contenuti ricavandone delle occasioni di ""vita"".",DESCRIZIONE
"adulti competenti, forza del gruppo, tecnologici",SANCIRE
Attivazioni di giovani in attività di cittadinanza attiva,GENERALIZZAZIONE
"Crescita
Responsabilità
Vivere il territorio nel rispetto e come luogo di crescit",SANCIRE
"Aumentare consapevolezza, creare connessioni e senso di appartenenza",SANCIRE
- costruzione di reti di condivisione e supporto - promozione di una maggiore consapevolezza rispetto al ruolo che i ragazzi possono ricoprire nella comunità di appartenenze ,SANCIRE
- costruzione di spazi aggregativi e di socializzazione,DESCRIZIONE
"Esuberanza, voglia di sporcarsi le mani e di sperimentare cose nuove",SANCIRE
L'unico modo per riuscire a raggiungere i giovani è coinvolgerli in attività e proposte è saper parlare loro attraverso i loro stessi strumenti. L'utilizzo di social media è la possibilità di confrontarsi in tempo reale coi coetanei sono il miglior modo di raggiungere questo fine,NON RISPOSTA
"Creare aggregazione, incontro, condivisione e scambio esperienze. Sono rimasti per tutto questo periodo isolati e penalizzati.",NON RISPOSTA
"1) coinvolgimento dei giovani e della loro ""energia"" nella vita cittadina ",SANCIRE
2) immaginazione e voglia di futuro,SANCIRE
Formazione della persona,SANCIRE
Cittadinanza più felice e consapevole,GIUDIZIO
Attivazione di più possibilità di scelta dei servizi da parte dei ragazzi,SANCIRE
Creare interesse e di conseguenza partecipazione ed eventualmente lavoro qualificato,CAUSA
"Punti di forza: educazione allo sport e alla disciplina sportiva, rispetto delle regole e dei ruoli.",SANCIRE
"Offrire occasioni di crescita ai ragazzi; permettergli di conoscere e incontrare le realtà del territorio, formali e informali; avviarli all'esperienza dell'essere cittadino, per conoscerne diritti e doveri; permettere ai ruoli professionali/formali territoriali (servizi sociali, assessori..) di incontrare e conoscere i giovani e i loro bisogni.",DESCRIZIONE
"Spronare i giovani all’attivazione
Offrire a loro più possibilità",SANCIRE
"Maggiore cura verso il territorio e la comunità da parte dei giovani, maggiore collaborazione con adulti e anziani.",SANCIRE
"- dare ai giovani la possibilità di fare un'esperienza
- far capire ai ragazzi che ciò che pensano o ciò che vogliono fare può essere realizzabile e realizzato.
- parte da loro.",SANCIRE
"PUNTI DI FORZA:
1. fornire ai giovani un'occasione in cui attraverso il fare ridare significato e senso alla loro quotidianità spesso priva di contenuto valoriale e attraverso il prodotto significarsi come soggetto di valore e di ""utilità"" per la comunità;",DESCRIZIONE
2. avere occasione di acquisire competenze sociali e di trasferirle al gruppo dei pari;,DESCRIZIONE
"3. essere agente di un cambiamento sia per il suo personale percorso di di vita sia del ""sistema"" (inteso come gruppo famiglia, scuola, dei pari, . qualsiasi contesto a cui lui aderisce sia in modo continuativo che estemporaneo) in cui si colloca;",DESCRIZIONE
"Offrire ai giovani una possibilità concreta per esprimere il loro potenziale, avere un punto di vista diverso",SANCIRE
"Coinvolgimento attivo dei giovani, mappatura dei reali bisogni, avere contezza di quanto accade per una programmazione efficace e rispondente alle aspettative",SANCIRE
sociale,GENERALIZZAZIONE
capacità di vivere più situazioni in contemporanea; flessibilità,SANCIRE
"Co-costruire un percorso che dà voce ai giovani, alle esigenze reali.",SANCIRE
"Il punto di forza dei giovani è di essere giovani. Sono una pianta da annaffiare, bisogna capire quale terreno.",GENERALIZZAZIONE
I progetti scolastici sono presentati in modo giusto e vengono recepiti in modo giusto,GIUDIZIO
", non è detto che poi lo facciano.",SPECIFICAZIONE
 I ragazzi sono contenti delle proposte.,GIUDIZIO
"16-25 anni. Creare un contesto che permetta loro di uscire così come sono. Creatività e carisma, dono di grazia. ",SANCIRE
"Quello che hai tu non ce l'ha nessuno. Carisma è una quota di spirito, gratis. Ognuno ne ha un po', speciale.",COMMENTO
Gratificazione,SANCIRE
"Devono avere un luogo, delle possibilità. ",SANCIRE
"È giusto che ci siano locali a misura, ma tutto ha un limite.",CONTRAPPOSIZIONE
Provare insieme a capire le regole.,SANCIRE
"La città offre attività interessanti, ma è difficile coinvolgerli. Tentare di fare connessioni tra occasioni e loro desideri.",SANCIRE
In una situazione di deserto è più facile essere performanti. È da un po' che non si propongono cose .,NON RISPOSTA
"Partecipazione alla vita pubblica, renderli consapevoli del proprio futuro. Lavorare su loro stessi.",SANCIRE
"Diventare adulti, realizzare desideri e sogni",GENERALIZZAZIONE
", avere uno sguardo sul futuro (guardare avanti e intorno)",SANCIRE
1) Varietà dell'offerta di associazioni/gruppi presenti e attivi sul territorio;,SANCIRE
"2) Buona comunicazione fra Parrocchia (attuale ""sede"" dei ragazzi) e Comune (futuro campo d'azione dei ragazzi);",GIUDIZIO
"3) La presenza di Kmzero, progetto di politiche giovanili comunale",DESCRIZIONE
"Due fasi da distinguere. La prima fase la vedrei come l'avvio di un progetto in cui vuoi far partire un percorso di politiche giovanili, mentre la seconda a progetto avviato e si vuole organizzare l’offerta.",DESCRIZIONE
"Nella prima fase è difficile trovare la modalità per attivare, mentre nella seconda fase è più semplice. Quindi quando un progetto è iniziato poi si autoalimenta.",SANCIRE
"Se poi si attivano i ragazzi, poi quello che fanno funziona bene ed è valido, riescono poi a trovare le competenze per farlo e farlo bene, ossia è utile a loro e agli adulti.",IMPLICAZIONI
Ha chiaramente una forza diversa da quello che viene attivato dall’adulto.,SPECIFICAZIONE
collaborazione tra associazioni sportive ed enti locali FONDAMENTALE. creare rete di comunicazione e interscambio.,SANCIRE
"Non possono essere punti di forza separati, i temi sono concatenati tra loro",COMMENTO
"Permette di ridare vita ad una città.
I giovani che “colorano” la comunità – sono il seme di quello che c’è in ottica di futuro della comunità. Colorare perché nell’età giovanile le peculiarità sono molteplici",VALUTAZIONE
Permette di aumentare la corresponsabilità civile tra i giovani e di aiutarsi a vicenda (tra giovani in particolare),SANCIRE
Permette di andare verso gli interessi dei giovani,SANCIRE
: es: ci si interessano i temi che riguardano il futuro di una città,SPECIFICAZIONE
Adesso hanno molte più possibilità di scelta,SANCIRE
"La cultura dello spogliatoio come momento di confronto e di relazione tra pari e anche con la figura dell’allenatore. (Viene segnalato come molto importante ciò che avviene nello spogliatoio, in termini di possibilità di confronto tra pari e con la figura dell’allenatori. Li escono molti aspetti del ragazzo)
I ragazzi con lo sport possono confrontarsi con i propri limiti, e possono anche agire il supporto/aiuto tra coetanei.",VALUTAZIONE
Coinvolgimento e impegno positivo delle loro risorse,SANCIRE
Il punto di forza sarebbe l’attenzione al singolo.,SANCIRE
"Chiedere agli adulti di fare un passo indietro, per lasciare spazio ai giovani per avviare un’iniziativa, per evitare di bocciare l’iniziativa non capita al 100%, si lascia spazio, loro iniziano, poi si aggiusta il tiro, per evitare di sostituirsi completamente a loro.",COMMENTO
"Entusiasmo, disponibilità, coerenza ",SANCIRE
"(se i ragazzi risultano incoerenti e glielo si fa notare, cercano di ristabilire una coerenza)",COMMENTO
"Far crescere un senso di appartenenza al proprio territorio, costruire iniziative in cui essere parte attiva e spendere le proprie potenzialità",DESCRIZIONE
Più spazi sia fisici che di ascolto - valorizzazione delle loro competenze - investimento economico da parte delle istituzioni -,SANCIRE
"Occasioni di coinvolgimento degli snodi territoriali su questo tema
Coinvolgimento dei giovani nella gestione delle loro istanze
Comunicazione più pertinente
Definizione più precisa dello stile di vita dei giovani sul territorio",SANCIRE
AGIRE-PENSARE-REALTA- VIRTUALE=strumento per crescere,GENERALIZZAZIONE
"Parlare il loro linguaggio, utilizzare i loro canali di comunicazione e i luoghi dove loro ""vivono"" e/o si aggregano",SANCIRE
"INCONTRI CON I RAGAZZI, MOMENTI DI CONFRONTO SPAZIO PER LA CONDIVISIONE",SANCIRE
"riti di passaggio, educare al protagonismo giovanile già dalle scuola primaria, bandi territoriali di sperimentazione a cui poter accedere e poter sperimentare, figure che accompagnino il processo a disposizione",SANCIRE
"Offrire esperienze in cui i giovani possano sperimentarsi e giocarsi un ruolo nel contesto di vita, evidenziando la creatività e la capacità di ingaggiare i coetanei",DESCRIZIONE
Individuare modalità fresche attuali adatte alla precisa rilevazione delle esigenze dei giovani e poi costruire eventuali gettate progettuali.,SANCIRE
cercare contributi entrando nelle scuole,SANCIRE
Incontri e laboratori nelle scuole da proporre poi anche sul territorio in spazi diversi,SANCIRE
"Sensibilizzazione e diffusione capillare dell'esistenza del servizio presso canali efficaci (ad esempio scuole, oratori, comitato genitori ecc...), lavoro di rete tra i diversi servizi nel trasmettere ai ragazzi la possibilità di incidere attivamente attraverso la loro ""messa in gioco"",",SANCIRE
migliorare la comunicazione tra comune e servizio rispetto agli obiettivi e all'importanza del ruolo che i giovani possono avere all interno delle varie attività non solo come fruitori di un servizio ma soprattutto come portatori di idee in quanto massimi esperti visto che vivono quotidianamente quel territorio.,DESCRIZIONE
'- ristrutturazione dei rapporti con gli enti committenti,SANCIRE
- incontri tra operatori e servizi volti alla possibilità di rinnovare le strategie e le proposte rivolte ai giovani - implementazione di eventi di protagonismo giovanile utili ad un rimando concreto circa quanto realizzato dai ragazzi e di presentazione delle proposte alla comunità - implementazione di momenti di incontro territoriale volti ad ampliare la conoscenza del servizio sul territorio e da parte dei giovani,PROPOSTA
È fondamentale stabilire un obiettivo concreto che possa essere raggiunto con i loro strumenti e skills e sopratutto con i loro tempi differenti dai nostri. ,SANCIRE
La loro vivacità deve essere coordinata per realizzare quello che hanno deciso e non quello che gli viene imposto.,COMMENTO
"La proposta dovrebbe essere mediata da associazioni/gruppi che siano in grado di intercettare i bisogni dei giovani e costruire proposte formative o culturali che rispondano alle loro aspettative, anche chiedendo prima direttamente ai potenziali interessati quali sono le loro esigenze e aspettative",GENERALIZZAZIONE
Fare una politica giovanile serie ascoltando e rispondendo ai loro bisogni.,SANCIRE
"- favorire aggregazione per poi sviluppare per protagonismo
- entrare in contatto con le scuole
- rendere visibile/mostrare alla cittadinanza l'impatto positivo del protagonismo giovanile
- dare spazio alla voce dei giovani, per esprimere la loro idea su che cosa vuol dire ""vivere una città"", dopo un anno eccezionale come quello appena passato",SANCIRE
Misure inclusive che garantiscano ai ragazzi la possibilità di soddisfare i bisogni principali legati all'età ,SANCIRE
"(sostegno allo studio con professionisti e spazi adeguati, possibilità di fare sport a prezzi accessibili, ecc)",SPECIFICAZIONE
Organizzare attività ed eventi che potrebbero risultare invitanti per i ragazzi,SANCIRE
"(workshop a tema, laboratori, centri estivi, ecc)",SPECIFICAZIONE
"Per migliorare l' eventuale criticità la diffusione informativa dei vari progetti, attività e quant' altro deve essere capillare, creata e sostenuta dagli enti di maggior peso sotto questo punto di vista, tutto ciò creando tavoli di lavoro che comprendano le realtà interessate",SANCIRE
Responsabilizzare i ragazzi dandogli compiti di gestione e educazione dei ragazzi un po’ più piccoli.,DESCRIZIONE
Offrire occasioni spot per avvicinare i ragazzi in maniera leggera e costruire con loro percorsi personalizzati rispetto al gruppo che si incontra.,SANCIRE
Migliorare la comunicazione è la circolazione delle informazioni,SANCIRE
incontri condivisi con diverse realtà del territorio per costruire momenti di costruzione comunitaria,SANCIRE
"partire da una cosa piccola che riescono a tirare fuori e lavorare insieme su quella.
trovare una modalità di accompagnamento discreto, presente ma non troppo limitante.",SANCIRE
"- mettere in luce ed a confronto i costi e benefici sul lungo termine delle condotte devianti/asociali rispetto alle azioni / occasioni attivabili con il protagonismo giovanile.
- aiutare gli adulti a essere promotori della lettura di cui sopra sia nella comunità sia nei giovani con cui entrano in contatto;, fornendo anche occasioni pratiche e concrete in cui il giovane possa sperimentarsi;
- lavorare con i giovani per far emergere o generare quelle competenze utili a renderli agenti di cambiamenti e allontanarli da una cultura della vita caratterizzata da costi/benefici facili ed immediati;",DESCRIZIONE
"- l'adulto deve ricordarsi che tipo di giovane è stato lui e di quali occasioni di riscatto ha potuto beneficiare e da chi, restituendo al giovane quali sono state le competenze ""vincenti"" e funzionali al suo percorso di vita ed al suo ruolo nella comunità.",SANCIRE
Gli adulti dovrebbero lasciare spazio ai ragazzi ma affiancarli e sostenerli affinchè possano portare a termine il loro progetto,CONTRAPPOSIZIONE
"Creare consulta giovani, intercettare tutte le realtà organizzate  e creare tavolo di coordinamento tra tutti gli interlocutori al fine di tracciare un percorso Comune e condiviso sui principi generali con diverse applicazioni specifiche",SANCIRE
"(con particolare riferimento alle scuole secondarie di primo e secondo grado, oratori, istituti professionali, società sportive, imprenditori che operano nei luoghi di interesse dei giovani",SPECIFICAZIONE
educare ad essere liberi,SANCIRE
: oggi la libertà è la scusa per ogni negligenza,COMMENTO
"Realizzazione di startup, connesse alle idee e ai bisogni dei ragazzi.",SANCIRE
"es. attività virtuali / reali legati al mondo del lavoro e della ""loro"" società.",SPECIFICAZIONE
"Creare uno snodo permanente. Mettere in sicurezza la governance (non un banale forum), assetto in cui il ruolo del politico va seguito. Assetto che duri nel tempo, a prescindere dai giovani che passano (esperienza rete giovani).",SANCIRE
Li sbattersi in un posto dove devono organizzarsi.,SANCIRE
"Esperienza forte, non so se è ancora valida.",OPINIONE
"La loro preoccupazione accomodare se stessi, mancanza di “mettersi nei panni degli altri”.",COMMENTO
"Tirar fuori il meglio da ciascuno, da quelli normali, diversi dalla Ferragni.",SANCIRE
Dovremmo metterci un po' nella testa dei ragazzi. Pensiamo a come eravamo noi. Dovremmo stare più in mezzo a loro e chiedergli il “perché lo fanno?”,GENERALIZZAZIONE
L'intelligenza si può usare in modo differente. ,NON RISPOSTA
Investire sul capitale umano. Esperienza di animatore al centro estivo.,SANCIRE
"Fare educazione civica, partendo dal diritto. ",DESCRIZIONE
"Dare le linee delle regole, in modo che possano poi scegliere.",IMPLICAZIONI
Responsabilità.,SANCIRE
Punto dove possano fare esperienza.,SANCIRE
dovremmo metterci un po' nella testa dei ragazzi. Pensiamo a come eravamo noi. Dovremmo stare più in mezzo a loro e chiedergli il “perché lo fanno?”,COMMENTO
"Supportare i giovani per creare un evento che a loro interessi, ma obbligati a fare tutti i passaggi, che a loro non piacciono.",DESCRIZIONE
"Partire da loro, rilevare le esigenze dai gruppi formali e dai giovani non strutturati. Da lì cercare di coinvolgerli per fare un'iniziativa.",SANCIRE
"Renderli partecipe alla vita pubblica, attraverso incontri periodici. ",DESCRIZIONE
Essere in grado di capire ciò che vogliono. Avere coscienza del paese in cui vivono.,SANCIRE
"Insistenza nel lavorare insieme a partire da una conoscenza reciproca, viaggiare e conoscere realtà differenti dalla propria, idea di territorio che non si limita al proprio ambito di impegno, ",SANCIRE
gratuità del servizio per diventare “onesti cristiani e cittadini”,SANCIRE
"Creare un punto di contatto con i giovani della fascia d'età interessata attraverso la Parrocchia: costruire un ponte tra oratorio e società fuori dall'oratorio, che consenta ai ragazzi di prendere coscienza del proprio territorio, delle opportunità che presenta per loro e dei campi in cui potrebbero attivarsi",DESCRIZIONE
"Attivare una riflessione tra professionisti per trovare soluzione circa l’aggancio iniziale dei ragazzi.
",PROPOSTA
Una spiegazione più approfondita del progetto [...] alle amministrazioni.,DESCRIZIONE
(a volte le azioni messe in atto sono strumenti per arrivare ad altri obiettivi con i ragazzi),SPECIFICAZIONE
"Farei una proposta, ossia creare un comitato giovani dove viene fatta analisi/mappatura del territorio delle associazioni che hanno maggiori influenza sul territorio. Successivamente progetti scadenzati e che vengano sviluppati in un luogo adatto ai giovani, non necessariamente strutturato, ma dove ci sono i giovani (piazza, strade ecc.).",DESCRIZIONE
Fondamentale è fare rete!,SANCIRE
Poter usare anche le modalità on-line scoperte ed apprese in questo periodo di pandemia. Per favorire anche la creazione di una rete.,IMPLICAZIONI
Cavalcare il potere del digitale dove si crea condivisione e relazione,SANCIRE
"(zoom, meet, webinar, etc.)",SPECIFICAZIONE
"Favorire eventi ludici, sereni, leggeri, ma che abbiano uno scopo informativo e divulgativo. Sinergia tra qualcosa di leggero e attività più “profonde” che trattano e approfondiscono tematiche",SANCIRE
Attenzione alle diverse fasce d’età,SANCIRE
(modalità diverse in base all’età a cui sono rivolte le proposte),SPECIFICAZIONE
Incentivare lo scambio scuola-lavoro,SANCIRE
"Il gruppo fa la differenza! L’entusiasmo e il divertimento attraverso azioni concrete fatte dai ragazzi per i ragazzi permette di creare e mantenere rapporti, costruire relazioni, fare gruppo che poi si può ampliare",SANCIRE
Fargli sperimentare e responsabilizzarli in occasioni “protette” (es open day),SANCIRE
creare occasioni particolari come visite strutturate o attività di gruppo esterne,DESCRIZIONE
(es: visita a Coverciano –luogo dove si allena l’Italia Calcio- che per un calciatore è un luogo simbolico molto importante),SPECIFICAZIONE
Creare occasioni di convivialità (es: pizzata),SANCIRE
", che è anche un modo per vedere le caratteristiche dei gruppi squadre.",SPECIFICAZIONE
Realizzare progetti partendo dalle loro idee,SANCIRE
"Per arrivare ai punti di forza valorizzandoli e riuscire a sciogliere nodi non è più possibile camminare da soli, necessaria un’alleanza. Io come oratorio non è più possibile fare nulla da soli. ",COMMENTO
"Mettere insieme le forze che si hanno per arrivare un obiettivo. L’alleanza educativa dove devo “salvare” un giovane, valorizzare la sua bellezza andando oltre aspetti secondari che spesso risultano i primari.",SANCIRE
"Credo che si possano creare dei momenti interessanti nel vero senso della parola,",OPINIONE
"adesso che stiamo lavorando con loro sappiamo quali possono essere gli aspetti a cui possono essere interessati: feste, cene con gruppi di partenza, costruire con loro a partire da una cena, un aperitivo. Costruire con loro un qualcosa.",RIDIMENSIONAMENTO
"Da quest'ultima settimana in montagna con i ragazzi è nata l’idea di partire ancora, sfruttare questi momenti da cui poi condividere.",CONFERMA
"Organizzare iniziative per coinvolgerli - uso dei social - riuscire a partire dai loro bisogno, da quello che cercano sul territorio",SANCIRE
